tconst	titleType	primaryTitle	originalTitle	isAdult	startYear	endYear	runtimeMinutes	genres
tt5923762	tvEpisode	Episode #1.4	Episode #1.4	0	2016	\N	\N	Comedy,Romance
tt5927354	tvEpisode	Mask	Mask	0	2009	\N	\N	Horror
tt5966106	tvEpisode	But My Revenge Will Come	But My Revenge Will Come	0	2015	\N	\N	Drama
tt5999490	tvEpisode	The Missing Lighter	The Missing Lighter	0	2010	\N	\N	Drama
tt6003416	tvEpisode	Episode #1.3	Episode #1.3	0	1969	\N	\N	\N
tt6037584	tvEpisode	Violetta Duped Model Overhead Bondage Stuggle	Violetta Duped Model Overhead Bondage Stuggle	1	2008	\N	\N	Adult
tt6046972	tvEpisode	Episode #28.14	Episode #28.14	0	1984	\N	60	Music
tt6048854	tvEpisode	Himmlische Raeuber	Himmlische Raeuber	0	2001	\N	\N	Animation
tt6050262	tvEpisode	The Two Coasts of China: Asia and the Challenge of the West	The Two Coasts of China: Asia and the Challenge of the West	0	1992	\N	\N	Documentary,History
tt6053248	tvEpisode	Beast from Within	Beast from Within	0	2007	\N	\N	Sci-Fi
tt6088414	tvEpisode	Episode dated 20 September 2016	Episode dated 20 September 2016	0	2016	\N	\N	News
tt6096974	videoGame	Gundam Spirits	Gandamu supirittsu	0	2014	\N	\N	Action
tt6114058	tvEpisode	Episode dated 29 July 1960	Episode dated 29 July 1960	0	1960	\N	\N	Family
tt6117146	tvEpisode	The Youth Show	The Youth Show	0	2009	\N	60	Talk-Show
tt6119566	tvEpisode	Episode #1.3889	Episode #1.3889	0	1981	\N	\N	Drama,Romance
tt6120216	tvEpisode	Episode #2.71	Episode #2.71	0	2009	\N	\N	News
tt6131880	tvEpisode	Pendulum Motion	Pendulum Motion	0	2016	\N	30	Family
tt6133584	tvEpisode	Episode dated 22 September 2016	Episode dated 22 September 2016	0	2016	\N	\N	Talk-Show
tt6138566	tvEpisode	Episode #6.5	Episode #6.5	0	2016	\N	\N	Talk-Show
tt6139892	tvEpisode	Ein Herz für die Musik	Ein Herz für die Musik	0	2016	\N	\N	Romance
tt6169940	tvEpisode	Dinosaur National Monument	Dinosaur National Monument	0	2016	\N	20	Family
tt6173108	video	Synthetic Demigod	Synthetic Demigod	0	2016	\N	47	Music
tt6187796	tvEpisode	Episode dated 18 October 2016	Episode dated 18 October 2016	0	2016	\N	\N	Talk-Show
tt6213726	tvSeries	Suflyor	Suflyor	0	2017	\N	\N	Comedy,Crime,Drama
tt6225740	tvEpisode	Jamaica Style Week	Jamaica Style Week	0	2016	\N	\N	Reality-TV
tt6226404	tvEpisode	The Farmers Nephew	The Farmers Nephew	0	2016	\N	\N	Animation,Comedy,Family
tt6297026	tvEpisode	Bank Heist	Bank Heist	0	2015	\N	\N	Animation
tt6300554	tvEpisode	Krista Nicole in the Heat Is One	Krista Nicole in the Heat Is One	1	2016	\N	\N	Reality-TV
tt6339228	short	Up Against a Wall	Up Against a Wall	0	2016	\N	2	Drama,Short
tt6339948	tvSeries	Kya Baat Hai	Kya Baat Hai	0	1997	1998	\N	Comedy
tt6359152	tvEpisode	Is Fake News KILLING the Internet?	Is Fake News KILLING the Internet?	0	2016	\N	\N	Animation,Comedy,Talk-Show
tt6385530	short	George Melies: To the Moon and Back	George Melies: To the Moon and Back	0	2016	\N	30	Documentary,Short
tt6389390	tvEpisode	28.Bolum	28.Bolum	0	2005	\N	\N	Drama,Family,Romance
tt6395230	tvEpisode	You'll Need a Permit for That	You'll Need a Permit for That	0	2018	\N	\N	Reality-TV
tt6397972	movie	Runaway Smartphone	Runaway Smartphone	0	\N	\N	90	Action,Adventure,Family
tt6418716	tvEpisode	ACHIEVING LONGEVITY in the GAME	ACHIEVING LONGEVITY in the GAME	0	2017	\N	\N	Documentary
tt6448284	movie	Closed Doors Village	Closed Doors Village	0	2014	\N	\N	\N
tt6452196	tvEpisode	Episode #1.12	Episode #1.12	0	2001	\N	\N	Drama
tt6459362	short	Syndrome De Stockholm	Syndrome De Stockholm	0	2002	\N	\N	Comedy,Short
tt6500814	tvEpisode	Episode dated 7 February 2017	Episode dated 7 February 2017	0	2017	\N	\N	Talk-Show
tt6524630	tvEpisode	Penicuik	Penicuik	0	2012	\N	\N	Reality-TV
tt6527690	tvEpisode	Episode #1.28	Episode #1.28	0	2000	\N	\N	Comedy,Drama,Romance
tt6551970	movie	Alsemizm	Alsemizm	0	\N	\N	\N	Horror,Mystery
tt6585460	tvEpisode	Live #2.2 Loredana Groza vs Smiley	Live #2.2 Loredana Groza vs Smiley	0	2011	\N	\N	Reality-TV
tt6616744	video	Lori Meyers: Planilandia	Lori Meyers: Planilandia	0	2013	\N	4	Comedy,Short
tt6656378	short	Dernière prière	Dernière prière	0	2015	\N	9	Short
tt6658180	tvEpisode	Base Pair	Base Pair	0	2017	\N	42	Action,Drama,Fantasy
tt6688286	tvEpisode	Charlotte Bronte and a Backhoe	Charlotte Bronte and a Backhoe	0	2018	\N	19	Comedy,Drama,Romance
tt6727222	tvEpisode	St. Louis Cardinals vs. Philadelphia Eagles	St. Louis Cardinals vs. Philadelphia Eagles	0	1962	\N	\N	Sport
tt6747682	tvEpisode	The Tarnished Years	The Tarnished Years	0	1989	\N	\N	Documentary,News
tt6751630	tvEpisode	Episode #12.33	Episode #12.33	0	1972	\N	\N	Comedy,Music,Talk-Show
tt6761604	tvEpisode	Episode #1.7	Episode #1.7	0	\N	\N	\N	Crime
tt6804140	tvEpisode	Episode #1.4	Episode #1.4	0	2009	\N	50	Comedy,Drama
tt6805982	tvEpisode	Big Sky Hideaway	Big Sky Hideaway	0	2017	\N	21	Reality-TV
tt6813822	tvEpisode	Sind Haifische gefährlich?	Sind Haifische gefährlich?	0	1959	\N	\N	Documentary
tt6832530	tvEpisode	Episode #1.51	Episode #1.51	0	2017	\N	\N	Music
tt6840100	tvEpisode	Nyssa Nevers.. Chained and Restrained	Nyssa Nevers.. Chained and Restrained	1	2017	\N	\N	Adult
tt6842494	tvEpisode	Episode #1.2430	Episode #1.2430	0	2002	\N	\N	Drama,Family,Romance
tt6849280	tvEpisode	What Causes the Seasons?	What Causes the Seasons?	0	2010	\N	\N	Talk-Show
tt6886504	short	Miró, Lithographie d'une affiche	Miró, Lithographie d'une affiche	0	1971	\N	18	Documentary,Short
tt6890042	tvEpisode	Episode #2.41	Episode #2.41	0	2017	\N	\N	Drama,Fantasy,Mystery
tt6899158	tvEpisode	Red-Footed Tortoise	Red-Footed Tortoise	0	\N	\N	\N	\N
tt6918388	tvEpisode	The Final Concert	The Final Concert	0	1998	\N	\N	Music
tt6925104	short	Tamu	Tamu	0	2016	\N	\N	Drama,Short
tt6939198	tvEpisode	Navy Midshipmen vs. Notre Dame Fighting Irish	Navy Midshipmen vs. Notre Dame Fighting Irish	0	2015	\N	\N	Sport
tt6956726	tvEpisode	Episode #1.137	Episode #1.137	0	1997	\N	\N	Comedy,Family,Musical
tt6960112	tvEpisode	The Russian Doll Disaster	The Russian Doll Disaster	0	2017	\N	\N	Animation,Family
tt6978172	tvEpisode	Episode #1.31	Episode #1.31	0	\N	\N	\N	Biography,Drama,History
tt6981162	tvEpisode	Episode #2.159	Episode #2.159	0	2005	\N	\N	Comedy,Romance
tt6981424	tvEpisode	Senada Adzem - Anthony Scaramucci	Senada Adzem - Anthony Scaramucci	0	2017	\N	60	Talk-Show
tt6994018	short	Insolation	Insolation	0	2015	\N	6	Animation,Short
tt7019686	tvEpisode	The Hungry Leopard	The Hungry Leopard	0	2017	\N	48	Documentary
tt7045826	tvEpisode	Episode #1.8	Episode #1.8	0	2017	\N	54	Drama
tt7064098	tvEpisode	Episode #1.106	Episode #1.106	0	2011	\N	\N	Comedy,Fantasy
tt7071268	movie	Disobedience or How to Train Fighting Roosters	Disobedience or How to Train Fighting Roosters	0	2017	\N	86	Thriller
tt7071636	tvEpisode	Episode #3.32	Episode #3.32	0	1978	\N	\N	Game-Show
tt7126334	tvEpisode	Episode #1.8	Episode #1.8	0	2016	\N	\N	Drama
tt7173962	tvEpisode	Game of Thrones Review: Stormborn - Season 7, Episode 2	Game of Thrones Review: Stormborn - Season 7, Episode 2	0	2017	\N	\N	Comedy,Talk-Show
tt7227698	tvEpisode	Rachel: Armbinder and Tape Bondage	Rachel: Armbinder and Tape Bondage	1	2017	\N	\N	Adult
tt7239722	tvEpisode	27 Minutes	27 Minutes	0	2017	\N	\N	Comedy
tt7245160	tvEpisode	Romeo and Juliet, Part 2	Romeo and Juliet, Part 2	0	2016	\N	\N	Comedy
tt7257326	tvEpisode	Episode dated 31 January 1979	Episode dated 31 January 1979	0	1979	\N	\N	Talk-Show
tt7287730	short	Maybe Someday	Maybe Someday	0	2017	\N	11	Drama,Short
tt7322210	tvMiniSeries	The Eddy	The Eddy	0	2020	\N	\N	Drama,Musical
tt7334672	tvEpisode	Mission: Stupid	Mission: Stupid	0	1999	\N	\N	Adventure,Animation,Comedy
tt7384936	tvEpisode	Episode #1.36	Episode #1.36	0	2012	\N	\N	Drama,Romance
tt7395948	short	I Think I'm Missing Parts	I Think I'm Missing Parts	0	2006	\N	11	Comedy,Short
tt7414502	tvEpisode	The Up Horoscope! Affair	The Up Horoscope! Affair	0	2007	\N	\N	Comedy
tt7415818	tvEpisode	Episode dated 24 September 2017	Episode dated 24 September 2017	0	2017	\N	180	News,Talk-Show
tt7419260	short	Peter und der Wolf	Peter und der Wolf	0	1975	\N	28	Music,Short
tt7430594	tvEpisode	Art of Disguise	Art of Disguise	0	1999	\N	\N	Reality-TV
tt7452314	short	My Brother's War	My Brother's War	0	\N	\N	\N	Drama,Short
tt7461984	tvEpisode	Water Pearls	Water Pearls	1	2005	\N	\N	Adult
tt7496964	tvEpisode	Top 10 INSANELY Creepy Disney Bootleg Games	Top 10 INSANELY Creepy Disney Bootleg Games	0	2017	\N	\N	Comedy,Talk-Show
tt7501322	tvEpisode	Diet Chilla with Kirti Dave	Diet Chilla with Kirti Dave	0	\N	\N	\N	Family
tt7518726	tvEpisode	Century III Mall Ft. Music by Dan Mason	Century III Mall Ft. Music by Dan Mason	0	2016	\N	12	Documentary
tt7526710	tvEpisode	Episode dated 19 October 2017	Episode dated 19 October 2017	0	2017	\N	\N	News
tt7527060	tvEpisode	Episode #11.254	Episode #11.254	0	2017	\N	\N	Talk-Show
tt7531502	tvEpisode	Nothing's Off Limits as We Answer Your Most Embarrassing Questions!	Nothing's Off Limits as We Answer Your Most Embarrassing Questions!	0	2017	\N	\N	Talk-Show
tt7578600	tvEpisode	Episode dated 27 May 2016	Episode dated 27 May 2016	0	2016	\N	\N	News
tt7586020	tvEpisode	Episode #1.98	Episode #1.98	0	2008	\N	\N	Drama
tt7590054	tvEpisode	Episode #1.13	Episode #1.13	0	1974	\N	\N	Animation,Comedy,Family
tt7595378	tvEpisode	Episode #1.173	Episode #1.173	0	2015	\N	\N	Drama
tt7603780	movie	Black Nations/Queer Nations?	Black Nations/Queer Nations?	0	1995	\N	59	Documentary
tt7610076	tvMovie	I Told my Mum I was Going on an RE Trip	I Told my Mum I was Going on an RE Trip	0	2018	\N	\N	Drama
tt7632348	movie	That Night	That Night	0	2018	\N	56	Drama,Thriller
tt7637044	tvEpisode	Episode #1.21	Episode #1.21	0	1999	\N	\N	Music
tt7645520	tvEpisode	I Think My Girlfriend Is Selling Herself for Marijuana	I Think My Girlfriend Is Selling Herself for Marijuana	0	2017	\N	\N	Talk-Show
tt7647140	video	Bloopers, Bleeps and Bodyslams	Bloopers, Bleeps and Bodyslams	0	1994	\N	120	Sport
tt7649590	tvEpisode	Episode #1.13	Episode #1.13	0	2010	\N	\N	Drama,Romance
tt7659432	tvEpisode	30 Facials und Cumshots - BEST OF 2016	30 Facials und Cumshots - BEST OF 2016	1	2016	\N	\N	Adult
tt7665078	tvEpisode	Nastya Kamenskikh	Nastya Kamenskikh	0	2017	\N	24	Comedy,News,Talk-Show
tt7676212	movie	Jhyanakuti	Jhyanakuti	0	2017	\N	138	Comedy,Drama,Romance
tt7676408	tvEpisode	Tom Horn & Sharon Gilbert	Tom Horn & Sharon Gilbert	0	2016	\N	\N	Talk-Show
tt7678370	short	Drag	Drag	0	2017	\N	6	Comedy,Drama,Romance
tt7732824	video	Eat Your Face: Wasteful Consumption Patterns	Eat Your Face: Wasteful Consumption Patterns	0	2012	\N	3	Music,Short
tt7758628	tvEpisode	Episode dated 19 June 1981	Episode dated 19 June 1981	0	1981	\N	30	\N
tt7763700	tvEpisode	Episode #1.170	Episode #1.170	0	1991	\N	\N	Drama,Romance
tt7772352	tvEpisode	Good Day Comedy Club	Good Day Comedy Club	0	2015	\N	\N	News
tt7809452	tvEpisode	September 19, 2016	September 19, 2016	0	2016	\N	21	Comedy,Game-Show
tt7816524	short	Syn glubiny	Syn glubiny	0	2017	\N	8	Horror,Short
tt7829862	tvEpisode	It's a Whole New Ball Game Now	It's a Whole New Ball Game Now	0	2018	\N	56	Talk-Show
tt7834692	tvEpisode	Radio Hosts: Hughesy vs Langbroek	Radio Hosts: Hughesy vs Langbroek	0	2017	\N	\N	Game-Show
tt7882080	movie	Jayma Bazaar Osh	Jayma Bazaar Osh	0	2018	\N	15	Documentary
tt7884626	movie	Rootopia	Rootopia	0	2020	\N	\N	Thriller
tt7906686	tvEpisode	Episode #1.26	Episode #1.26	0	1988	\N	\N	Drama,Romance
tt7913548	short	The Fiddle	The Fiddle	0	2015	\N	\N	Short,Thriller
tt7922892	tvEpisode	Episode #1.9	Episode #1.9	0	2004	\N	\N	Crime,Drama,Mystery
tt7925536	tvEpisode	Episode dated 30 January 2018	Episode dated 30 January 2018	0	2018	\N	\N	News,Talk-Show
tt7974982	short	Aleichem Shalom	Aleichem Shalom	0	\N	\N	\N	Drama,Short
tt7994164	short	Artisans algériens	Artisans algériens	0	1951	\N	\N	Documentary,Short
tt8007842	tvEpisode	Episode #1.112	Episode #1.112	0	2006	\N	\N	Romance
tt8026044	tvEpisode	Episode #1.50	Episode #1.50	0	2012	\N	\N	Drama,Romance
tt8042434	tvSeries	Steffy & Roxy	Steffy & Roxy	0	\N	\N	24	Comedy
tt8058104	tvEpisode	Episode #1.95	Episode #1.95	0	1992	\N	\N	Drama,Romance
tt8060288	movie	Partikelir	Partikelir	0	2018	\N	97	Action,Comedy
tt8083306	tvEpisode	Episode #1.18	Episode #1.18	0	2007	\N	\N	\N
tt8118256	tvEpisode	Episode #1.171	Episode #1.171	0	2009	\N	\N	Romance
tt8127800	tvEpisode	Episode dated 23 February 2018	Episode dated 23 February 2018	0	2018	\N	\N	Talk-Show
tt8148442	tvEpisode	Episode #1.106	Episode #1.106	0	1994	\N	\N	Drama
tt8151002	short	First Assault	First Assault	0	2014	\N	2	Short
tt8167748	tvEpisode	Episode #1.192	Episode #1.192	0	1993	\N	\N	Drama
tt8191926	tvEpisode	Episode #1.11	Episode #1.11	0	2017	\N	\N	Game-Show
tt8197994	tvEpisode	Episode dated 3 November 2010	Episode dated 3 November 2010	0	2010	\N	\N	\N
tt8201698	tvEpisode	Episode #1.26	Episode #1.26	0	1989	\N	\N	Drama
tt8220548	tvEpisode	Mathieu Madénian - "Les Années de Mariage"	Mathieu Madénian - "Les Années de Mariage"	0	2013	\N	\N	Comedy
tt8223284	tvEpisode	It's DONE! (almost)	It's DONE! (almost)	0	2017	\N	\N	Reality-TV
tt8271062	tvEpisode	Episode #1.42	Episode #1.42	0	2002	\N	\N	Adventure,Comedy,Fantasy
tt8327742	movie	Paranoia	Paranoia	0	2018	\N	\N	Drama
tt8352372	tvEpisode	Episode #9.143	Episode #9.143	0	2018	\N	\N	Sci-Fi
tt8383416	tvEpisode	Episode #1.64	Episode #1.64	0	1999	\N	\N	Drama,Romance
tt8396004	tvEpisode	Episode dated 16 March 1977	Episode dated 16 March 1977	0	1977	\N	\N	Game-Show
tt8404050	tvEpisode	Bitcoin Will Choke the State	Bitcoin Will Choke the State	0	2017	\N	\N	News
tt8450506	tvEpisode	Episode #1.216	Episode #1.216	0	1991	\N	\N	Drama,Romance
tt8458674	tvEpisode	Episode #6.4	Episode #6.4	0	1971	\N	\N	Family
tt8476950	tvEpisode	Episode #1.158	Episode #1.158	0	1976	\N	\N	\N
tt8491816	tvEpisode	Episode #1.163	Episode #1.163	0	2016	\N	\N	Adventure,Family
tt8508454	tvEpisode	Episode #1.282	Episode #1.282	0	1971	\N	\N	\N
tt8514066	tvEpisode	Episode #1.45	Episode #1.45	0	1971	\N	\N	\N
tt8549054	tvEpisode	Episode #1.170	Episode #1.170	0	1972	\N	\N	\N
tt8574370	movie	Paradise Lost: Evolve	Paradise Lost: Evolve	0	2002	\N	150	Music
tt8584614	tvEpisode	Episode #1.44	Episode #1.44	0	1975	\N	\N	Drama,Music,Romance
tt8608782	tvEpisode	005	005	0	\N	\N	\N	Drama
tt8660022	tvEpisode	Episode #1.10	Episode #1.10	0	1984	\N	\N	Drama,Romance
tt8663002	tvEpisode	Episode #1.91	Episode #1.91	0	1970	\N	\N	Drama,Romance
tt8673202	tvEpisode	Episode #1.30	Episode #1.30	0	2001	\N	\N	\N
tt8683242	tvEpisode	Episode #1.183	Episode #1.183	0	1970	\N	\N	Drama,Romance
tt8718806	short	Alma Perdió-Alma Encontró aka Lost Soul-Found Soul	Alma Perdió-Alma Encontró aka Lost Soul-Found Soul	0	2018	\N	\N	Drama,Short
tt8727258	tvEpisode	Pop, Lock and Drop	Pop, Lock and Drop	0	2018	\N	\N	Reality-TV
tt8753386	tvEpisode	Berlin - Fidicinstraße	Berlin - Fidicinstraße	0	2018	\N	\N	Biography,Documentary,News
tt8754964	tvEpisode	Episode #1.11	Episode #1.11	0	2005	\N	\N	Comedy,Drama,Romance
tt8766314	tvSeries	Undercover in Nederland	Undercover in Nederland	0	2005	\N	\N	Reality-TV
tt8783694	tvEpisode	Aurora (Colorado Shooting)	Aurora (Colorado Shooting)	0	2012	\N	\N	Documentary,News
tt8819544	tvEpisode	The Boy and the Planet	The Boy and the Planet	0	2015	\N	24	Adventure,Animation,Fantasy
tt8844808	tvEpisode	Episode dated 12 August 2018	Episode dated 12 August 2018	0	2018	\N	\N	\N
tt8859846	tvEpisode	Episode #1.133	Episode #1.133	0	1967	\N	\N	\N
tt8860170	video	Behind Curtains	Behind Curtains	0	2013	\N	\N	Documentary,Short
tt8885520	tvEpisode	Sunnmøre's Alpine Heritage	Sunnmøre's Alpine Heritage	0	2016	\N	\N	Documentary
tt8886684	tvEpisode	Green Apron (Blue Apron Parody)	Green Apron (Blue Apron Parody)	0	2018	\N	\N	Comedy
tt8911126	tvEpisode	Viva a Diferença	Viva a Diferença	0	2017	\N	\N	Comedy,Drama,Music
tt8916796	tvEpisode	Episode #13.2	Episode #13.2	0	2016	\N	\N	History
tt8958576	tvEpisode	Episode #1.72	Episode #1.72	0	1977	\N	\N	Drama,Romance
tt9001474	movie	Cactus Jack	Cactus Jack	0	\N	\N	85	Drama,Horror,Thriller
tt9029628	tvEpisode	Episode #5.217	Episode #5.217	0	2018	\N	\N	News
tt9038106	tvEpisode	Into the Wild	Into the Wild	0	2017	\N	3	Documentary
tt9056606	tvEpisode	2007 ICC World T20 Final: India v Pakistan	2007 ICC World T20 Final: India v Pakistan	0	2007	\N	\N	Sport
tt9059012	tvEpisode	Episode dated 17 March 2014	Episode dated 17 March 2014	0	2014	\N	\N	\N
tt9087636	tvEpisode	Episode #1.41	Episode #1.41	0	2014	\N	\N	Drama
tt9091376	tvEpisode	Episode #2.81	Episode #2.81	0	2017	\N	\N	Drama,Family,Music
tt9106022	tvEpisode	Pascuala terminó su relación con Nicolás	Pascuala terminó su relación con Nicolás	0	2018	\N	\N	Comedy,Drama,Romance
tt9113112	tvEpisode	Episode #1.1080	Episode #1.1080	0	1974	\N	\N	\N
tt9144976	short	Le jardin de Lorraine	Le jardin de Lorraine	0	2017	\N	17	Short
tt9154712	tvEpisode	Mord i kælderen	Mord i kælderen	0	2018	\N	\N	Family
tt9167664	tvEpisode	Episode dated 13 December 1995	Episode dated 13 December 1995	0	1995	\N	\N	\N
tt9178386	tvSeries	Larry the Wonderpup	Larry the Wonderpup	0	2018	2018	\N	Family
tt9204722	tvEpisode	Bomb Squad Tech/Bartender	Bomb Squad Tech/Bartender	0	2018	\N	\N	Reality-TV
tt9205644	tvEpisode	Episode #1.80	Episode #1.80	0	2008	\N	\N	Drama
tt9258002	tvEpisode	Episode dated 19 October 2018	Episode dated 19 October 2018	0	2018	\N	\N	\N
tt9279438	tvEpisode	Episode #1.5	Episode #1.5	0	2004	\N	\N	Comedy
tt9306778	tvSeries	Destructoe Brothers on the Run	Destructoe Brothers on the Run	0	2006	2007	\N	Family
tt9311736	tvEpisode	Episode #1.345	Episode #1.345	0	2008	\N	\N	Drama
tt9316532	tvEpisode	Episode #1.234	Episode #1.234	0	2014	\N	\N	\N
tt9325764	tvEpisode	Episode #1.204	Episode #1.204	0	2000	\N	\N	\N
tt9365850	tvEpisode	Episode #1.212	Episode #1.212	0	2014	\N	\N	Drama
tt9367772	tvEpisode	Silent Night Deadly Night Part 2 (1987)	Silent Night Deadly Night Part 2 (1987)	0	2018	\N	\N	Comedy,Horror
tt9367870	tvEpisode	Brankica Stankovic	Brankica Stankovic	0	2017	\N	59	Comedy,News,Talk-Show
tt9383148	tvEpisode	The Weave	The Weave	0	2018	\N	22	Action,Crime,Drama
tt9399958	tvEpisode	Episode #1.40	Episode #1.40	0	2017	\N	\N	Drama
tt9401484	tvEpisode	Episode #1.255	Episode #1.255	0	2006	\N	\N	\N
tt9415300	tvEpisode	Chapter 59. Andrei Popov	Chapter 59. Andrei Popov	0	1999	\N	\N	Biography,Documentary
tt9423136	tvMovie	Show Michel Polnareff	Show Michel Polnareff	0	1976	\N	\N	Music,Musical
tt9453508	tvEpisode	Episode #1.57	Episode #1.57	0	1995	\N	\N	Comedy,Sport,Talk-Show
tt9471900	movie	Mario	Mario	0	\N	\N	\N	\N
tt9490544	tvEpisode	Episode #41.12	Episode #41.12	0	2019	\N	\N	News,Sport,Talk-Show
tt9509314	tvEpisode	Episode #1.623	Episode #1.623	0	2009	\N	\N	Drama,Romance
tt9536172	tvEpisode	Episode #1.412	Episode #1.412	0	2011	\N	\N	Family
tt9538176	tvEpisode	Episode #1.16	Episode #1.16	0	2011	\N	\N	Talk-Show
tt9566686	tvEpisode	Ich bin jetzt mein eigener Chef	Ich bin jetzt mein eigener Chef	0	2014	\N	\N	Crime,Drama
tt9607906	tvEpisode	The Dirty Boot Thief	The Dirty Boot Thief	1	2016	\N	\N	Adult
tt9609098	tvEpisode	Lucía y Jacobo desataron su pasión a unos pasos de Johny y Eva	Lucía y Jacobo desataron su pasión a unos pasos de Johny y Eva	0	2019	\N	\N	Drama
tt9645446	tvEpisode	Episode dated 20 May 2014	Episode dated 20 May 2014	0	2014	\N	\N	\N
tt9655448	tvEpisode	Episode #1.63	Episode #1.63	0	2008	\N	\N	Drama
tt9677084	tvEpisode	Episode #2.123	Episode #2.123	0	2010	\N	\N	Comedy
tt9679234	movie	Magnificent Liars	Les beaux menteurs	0	2019	\N	80	Comedy,Drama
tt9696726	tvEpisode	Episode #3.186	Episode #3.186	0	2011	\N	\N	Comedy
tt9720440	movie	The Rise of Kibwetere	The Rise of Kibwetere	0	2019	\N	\N	Thriller
tt9809888	tvEpisode	Spermafresse vom Nachbarssöhnchen	Spermafresse vom Nachbarssöhnchen	1	2014	\N	\N	Adult
tt9812416	tvEpisode	Episode #1.240	Episode #1.240	0	2003	\N	\N	Drama
tt9826214	tvEpisode	Episode #1.163	Episode #1.163	0	2015	\N	\N	\N
tt9832104	tvEpisode	July 27, 2017	July 27, 2017	0	2017	\N	\N	News
tt9855824	video	Regular	Regular	0	2016	\N	3	Music,Short
tt1553857	tvEpisode	Theodore and the Hunt for Northumberland	Theodore and the Hunt for Northumberland	0	\N	\N	\N	Animation,Family
tt1556732	tvEpisode	Episode dated 27 November 2009	Episode dated 27 November 2009	0	2009	\N	195	Family,News,Talk-Show
tt1559429	tvEpisode	Kameraden	Kameraden	0	2009	\N	50	Crime,Drama,Thriller
tt1568489	tvEpisode	Episode #1.1	Episode #1.1	0	2009	\N	\N	Adventure
tt1569575	tvEpisode	Episode #1.11233	Episode #1.11233	0	2009	\N	\N	Drama,Romance
tt1570774	tvEpisode	Episode #18.7	Episode #18.7	0	1983	\N	\N	Family,Game-Show
tt1597716	tvEpisode	Hillary	Hillary	0	2010	\N	43	Family,Reality-TV
tt1603755	tvEpisode	Mile Marker 3	Mile Marker 3	0	2009	\N	6	Action,Drama,Mystery
tt1605481	tvEpisode	Gin wo sei suru mono ha tenka wo sei su	Gin wo sei suru mono ha tenka wo sei su	0	2007	\N	\N	History
tt1611903	short	Male Order Bride	Male Order Bride	0	2010	\N	15	Comedy,Short
tt1640944	tvEpisode	Amanda besó a Damián	Amanda besó a Damián	0	2010	\N	\N	Action,Drama,Fantasy
tt1642954	tvEpisode	Le Date	Le Date	0	1994	\N	\N	Comedy
tt1660222	tvEpisode	Episode #23.180	Episode #23.180	0	1995	\N	\N	Family,Game-Show,Reality-TV
tt1678950	tvEpisode	Wild Animals: Monkeys	Wild Animals: Monkeys	0	1976	\N	\N	Animation,Family
tt1690555	tvEpisode	Hunting Down a Bargain	Hunting Down a Bargain	0	2010	\N	\N	Reality-TV
tt1732215	tvEpisode	Episode #1.4	Episode #1.4	0	1990	\N	\N	Thriller
tt1744606	short	Gate Out	Gate Out	0	2009	\N	21	Drama,Short
tt1750037	tvEpisode	The Ghost of the Amoco Cadiz	The Ghost of the Amoco Cadiz	0	1980	\N	\N	Documentary
tt1752279	tvEpisode	Episode #7.5	Episode #7.5	0	1968	\N	\N	Comedy
tt1759329	tvEpisode	Episode dated 11 November 2010	Episode dated 11 November 2010	0	2010	\N	\N	News
tt1802761	short	Custom Officers Mystified	Douaniers mystifiés	0	1908	\N	\N	Comedy,Short
tt1816471	short	Bizorozib	Bizorozib	0	2006	\N	6	Animation,Short
tt1819249	tvEpisode	Episode dated 18 October 1995	Episode dated 18 October 1995	0	1995	\N	\N	Game-Show
tt1835866	tvEpisode	Lapsettomuus	Lapsettomuus	0	1978	\N	\N	\N
tt1839938	tvEpisode	Episode #2.11	Episode #2.11	0	\N	\N	\N	\N
tt1840343	movie	It's About You	It's About You	0	2010	\N	86	Biography,Documentary,Music
tt1850023	tvEpisode	Episode dated 10 March 2011	Episode dated 10 March 2011	0	2011	\N	\N	Comedy,Talk-Show
tt1859197	tvEpisode	Perla, anfitriona	Perla, anfitriona	0	2007	\N	\N	Crime,Drama
tt1866099	short	Aurora austral	Aurora austral	0	2011	\N	3	Short
tt1875271	tvEpisode	Episode dated 8 April 2011	Episode dated 8 April 2011	0	2011	\N	\N	Comedy,Talk-Show
tt1892895	tvEpisode	Episode dated 6 February 2003	Episode dated 6 February 2003	0	2003	\N	\N	\N
tt1909988	tvEpisode	Kerry Getz	Kerry Getz	0	2009	\N	22	Reality-TV,Sport
tt1922250	tvEpisode	Episode dated 13 July 2000	Episode dated 13 July 2000	0	2000	\N	\N	Family
tt1933649	movie	The Birthday Chant	Sorood-e tavallod	0	2005	\N	\N	\N
tt1942912	short	Los Señalados de Dios	Los Señalados de Dios	0	2008	\N	30	Drama,Short
tt1947053	tvEpisode	Episode #1.39	Episode #1.39	0	2011	\N	30	Drama
tt1947334	tvEpisode	Episode #2.57	Episode #2.57	0	2010	\N	\N	Comedy,Drama
tt1952369	tvEpisode	Episode dated 2 February 1996	Episode dated 2 February 1996	0	1996	\N	\N	\N
tt1959875	tvEpisode	ADD	ADD	0	2008	\N	\N	Talk-Show
tt1975298	short	The Slavey's Dream	The Slavey's Dream	0	1904	\N	\N	Comedy,Short
tt1977190	tvEpisode	Glen Foster: That Canadian Guy	Glen Foster: That Canadian Guy	0	2000	\N	\N	Comedy
tt1982847	short	Threat of a Harbour	Suursataman uhkaa	0	1975	\N	5	Animation,Short
tt1984369	tvEpisode	Episode dated 9 April 1996	Episode dated 9 April 1996	0	1996	\N	\N	Comedy
tt1997031	tvEpisode	Episode #8.53	Episode #8.53	0	2010	\N	\N	Documentary
tt2070718	tvEpisode	Le crime de Tibhirine	Le crime de Tibhirine	0	2011	\N	60	Documentary
tt2075459	tvEpisode	Baby Jake Loves Tickle Toes	Baby Jake Loves Tickle Toes	0	2011	\N	11	Family
tt2077111	tvEpisode	Episode #20.1	Episode #20.1	0	2011	\N	60	Reality-TV
tt2077302	tvEpisode	Episode #1.100	Episode #1.100	0	2003	\N	15	Drama
tt2091635	tvEpisode	Episode dated 14 October 2011	Episode dated 14 October 2011	0	2011	\N	\N	News,Talk-Show
tt2092422	short	Croton Falls	Croton Falls	0	2011	\N	24	Sci-Fi,Short,Thriller
tt2099644	tvMovie	Kandidaten - Demokratie an der Förderschule	Kandidaten - Demokratie an der Förderschule	0	2011	\N	80	Documentary
tt2102092	tvEpisode	Episode dated 20 October 2010	Episode dated 20 October 2010	0	2010	\N	60	News
tt2113323	tvEpisode	A Scientist Looks at Religion	A Scientist Looks at Religion	0	1973	\N	\N	Documentary
tt2123452	tvEpisode	Block Party	Block Party	0	2011	\N	\N	Reality-TV
tt2123882	short	2/47	2/47	0	2011	\N	42	Documentary,Drama,Short
tt2153571	tvEpisode	Episode #1.5	Episode #1.5	0	2009	\N	\N	Comedy
tt2155760	tvEpisode	Episode #7.167	Episode #7.167	0	2012	\N	\N	Talk-Show
tt2156040	video	Official Scarface Parody	Official Scarface Parody	1	2011	\N	\N	Adult,Comedy,Crime
tt2195100	movie	This Film Hates You	This Film Hates You	0	\N	\N	\N	Drama,Horror,Mystery
tt2204546	video	Deepthroat Virgins 38	Deepthroat Virgins 38	1	2011	\N	\N	Adult
tt2208231	tvSeries	Danish Dynamite	Danish Dynamite	0	2012	\N	25	Comedy
tt2227097	tvEpisode	Episode dated 27 December 2004	Episode dated 27 December 2004	0	2004	\N	\N	News
tt2236665	tvEpisode	Episode dated 1 December 2004	Episode dated 1 December 2004	0	2004	\N	\N	Talk-Show
tt2241547	movie	Shabab Yarqos Fawq Al-Nar	Shabab Yarqos Fawq Al-Nar	0	1978	\N	114	Comedy,Drama,Romance
tt2244361	tvEpisode	Saying What You've Done	Saying What You've Done	0	1994	\N	\N	Documentary
tt2261611	short	Harvey the Monster Racist	Harvey the Monster Racist	0	2009	\N	\N	Comedy,Short
tt2265369	short	I Call It Home	I Call It Home	0	1987	\N	25	Documentary,Short
tt2269416	tvEpisode	Urban Outdoors, Lake Tawakoni State Park, a Scar on the Flats	Urban Outdoors, Lake Tawakoni State Park, a Scar on the Flats	0	2011	\N	\N	Documentary
tt2276463	tvEpisode	Flight Club	Flight Club	0	2012	\N	22	Action,Adventure,Animation
tt2295863	tvEpisode	All That Jazz	All That Jazz	0	\N	\N	\N	\N
tt2302923	short	The beggar	The beggar	0	2008	\N	7	Short
tt2360105	tvEpisode	Episode dated 19 April 2012	Episode dated 19 April 2012	0	2012	\N	\N	News,Talk-Show
tt2371148	short	One Mile Champion Belt Race	One Mile Champion Belt Race	0	1900	\N	\N	Documentary,Short,Sport
tt2378494	tvEpisode	In the Red	In the Red	0	2012	\N	\N	Comedy,Drama
tt2378795	tvEpisode	Semi-Final, Round Four, Performance	Semi-Final, Round Four, Performance	0	2012	\N	\N	Game-Show,Reality-TV
tt2386084	tvEpisode	Dueling Divas	Dueling Divas	0	2012	\N	21	Reality-TV
tt2408394	tvEpisode	Episode dated 26 February 2007	Episode dated 26 February 2007	0	2007	\N	\N	Family
tt2429636	short	Sometimes the Lights Go Out	Sometimes the Lights Go Out	0	2012	\N	14	Drama,Short
tt2442110	tvEpisode	Episode dated 21 October 2012	Episode dated 21 October 2012	0	2012	\N	\N	News,Sport,Talk-Show
tt2445804	tvEpisode	Solo, en stackare därutanför utanför	Solo, en stackare därutanför utanför	0	1983	\N	25	Family
tt2470810	tvEpisode	Episode dated 26 October 2012	Episode dated 26 October 2012	0	2012	\N	\N	Game-Show
tt2493114	tvEpisode	Episode dated 4 October 2012	Episode dated 4 October 2012	0	2012	\N	\N	Comedy,Talk-Show
tt2515544	tvEpisode	Episode #1.2	Episode #1.2	0	1952	\N	\N	Comedy
tt2526266	tvEpisode	Minuga või minu vastu	Minuga või minu vastu	0	2012	\N	\N	Drama,Horror,Mystery
tt2526978	video	Rencontre avec Francis-Alfred Moerman	Rencontre avec Francis-Alfred Moerman	0	2009	\N	26	Documentary,Short
tt2549574	short	Children Go Where I Send You	Children Go Where I Send You	0	2012	\N	37	Documentary,History,Short
tt2591192	tvEpisode	Episode dated 25 January 2006	Episode dated 25 January 2006	0	2006	\N	\N	News
tt2601408	tvEpisode	Episode dated 17 January 2013	Episode dated 17 January 2013	0	2013	\N	\N	News
tt2746638	short	Focus Point	Focus Point	0	2007	\N	15	Drama,Short
tt2748644	tvEpisode	Dai 2 shû: Ora, Tôkyô sa kaeritaku nê Part 2	Dai 2 shû: Ora, Tôkyô sa kaeritaku nê Part 2	0	2013	\N	15	Comedy,Drama,Short
tt2750616	short	Film im Kopf - Burnout	Film im Kopf - Burnout	0	2012	\N	\N	Short
tt2762856	short	The Last Straw	The Last Straw	0	2010	\N	\N	Comedy,Short
tt2800382	tvEpisode	Episode #1.1632	Episode #1.1632	0	2001	\N	\N	Drama,Romance
tt2803742	tvEpisode	Episode dated 2 March 1971	Episode dated 2 March 1971	0	1971	\N	\N	Talk-Show
tt2938804	tvEpisode	Glavbukh i Poltsarstva v Pridachu	Glavbukh i Poltsarstva v Pridachu	0	2007	\N	175	Action,Animation,Comedy
tt3043434	tvEpisode	Reunited	Reunited	0	2013	\N	22	Comedy
tt3051142	tvEpisode	Episode dated 1 October 1986	Episode dated 1 October 1986	0	1986	\N	\N	News
tt3053472	tvEpisode	Volvió a reaccionar	Volvió a reaccionar	0	2013	\N	\N	Comedy
tt3081544	tvEpisode	O Padrinho	O Padrinho	0	2013	\N	\N	Comedy
tt3133400	tvEpisode	Episode #1.1	Episode #1.1	0	2012	\N	\N	Drama
tt3158776	tvEpisode	Studio Style Wars	Studio Style Wars	0	2000	\N	\N	Documentary
tt3160242	short	Unforgivable	Unforgivable	0	2006	\N	\N	Comedy,Short
tt3165666	short	Isosceles	Isosceles	0	2013	\N	34	Drama,Music,Short
tt3173862	tvEpisode	Episode dated 28 March 2009	Episode dated 28 March 2009	0	2009	\N	\N	Game-Show,Talk-Show
tt3197312	tvEpisode	Driving Wrong Could Kill You	Driving Wrong Could Kill You	0	2013	\N	\N	Animation
tt3205582	tvEpisode	Xtreme Tourist: St. Croix	Xtreme Tourist: St. Croix	0	2010	\N	\N	Adventure
tt3220556	tvEpisode	Episode dated 27 September 2013	Episode dated 27 September 2013	0	2013	\N	\N	Talk-Show
tt3263480	tvEpisode	Accessorizing Your DSLR Camera on a Budget	Accessorizing Your DSLR Camera on a Budget	0	2013	\N	42	Talk-Show
tt3272880	tvEpisode	Above the Call of Duty	Above the Call of Duty	0	2012	\N	\N	Action,Biography,Drama
tt3295060	tvMiniSeries	Roomiez	Roomiez	0	2013	\N	\N	Comedy
tt3295618	tvEpisode	Max Bendich: Part 13	Max Bendich: Part 13	0	2013	\N	\N	Talk-Show
tt3312712	video	Bi the Forest	Bi the Forest	1	2003	\N	90	Adult
tt3350432	movie	Rabbit	Rabbit	0	2018	\N	92	Drama
tt3350440	movie	Smiling at Death: A Closer Look at Dying	Smiling at Death: A Closer Look at Dying	0	2014	\N	46	Documentary,Drama
tt3351766	tvEpisode	L'Amour... L'Amour	L'Amour... L'Amour	0	2013	\N	10	\N
tt3369578	tvEpisode	Episode #22.163	Episode #22.163	0	2006	\N	\N	Game-Show
tt3392418	tvEpisode	Episode #1.9	Episode #1.9	0	2002	\N	\N	Family,Fantasy
tt3398778	tvEpisode	Episode dated 27 November 1989	Episode dated 27 November 1989	0	1989	\N	\N	News
tt3416244	video	A$AP Rocky: Phoenix	A$AP Rocky: Phoenix	0	2013	\N	4	Music,Short
tt3486600	tvEpisode	Malas noticias	Malas noticias	0	2014	\N	\N	Comedy,Drama,Family
tt3534782	tvEpisode	It Can't Be Real	It Can't Be Real	0	2014	\N	\N	Talk-Show
tt3569412	short	Bonnie and Clyde: Redeemed	Bonnie and Clyde: Redeemed	0	2014	\N	8	Action,Short
tt3572702	tvEpisode	Episode #5.66	Episode #5.66	0	1962	\N	\N	Comedy,Family,Talk-Show
tt3641618	tvEpisode	Episode dated 15 June 2004	Episode dated 15 June 2004	0	2004	\N	\N	Talk-Show
tt3659134	tvEpisode	Episode #4.6	Episode #4.6	0	2015	\N	59	Drama,History
tt3665996	tvEpisode	Eifersucht	Eifersucht	0	2014	\N	\N	Crime
tt3667968	tvEpisode	Episode dated 5 November 2005	Episode dated 5 November 2005	0	2005	\N	\N	Documentary
tt3726472	tvEpisode	Salvador de Bahia	Salvador de Bahia	0	\N	\N	46	Documentary
tt3745204	tvEpisode	Episode #1.35	Episode #1.35	0	\N	\N	\N	Drama
tt3751828	tvSeries	Bom de Briga	Bom de Briga	0	2013	2014	\N	Documentary
tt3779244	short	417	417	0	2013	\N	11	Comedy,Drama,Mystery
tt3828824	tvEpisode	Barry Williams	Barry Williams	0	2007	\N	\N	Talk-Show
tt3895686	tvEpisode	Episode #3.5	Episode #3.5	0	2014	\N	\N	Drama,Music,Romance
tt3935176	tvEpisode	Episode #1.5062	Episode #1.5062	0	\N	\N	\N	News
tt3950664	short	The Genesis	The Genesis	0	2014	\N	\N	Action,Short
tt3950918	short	Cat Lady	Cat Lady	0	2014	\N	4	Biography,Short
tt3956334	movie	Ciao Ciao	Ciao Ciao	0	2017	\N	83	Comedy,Drama
tt3975882	tvEpisode	Create a Successful Fashion Trend	Create a Successful Fashion Trend	0	2014	\N	\N	Comedy
tt3983506	movie	Invasion	Invasion	0	\N	\N	\N	Sci-Fi
tt3985316	tvEpisode	Episode dated 22 August 2014	Episode dated 22 August 2014	0	2014	\N	115	Talk-Show
tt3987098	tvEpisode	Episode #1.66	Episode #1.66	0	\N	\N	\N	\N
tt4019104	tvEpisode	Episode dated 25 March 2003	Episode dated 25 March 2003	0	2003	\N	\N	Game-Show
tt4029868	movie	Placebo	Placebo	0	2014	\N	96	Documentary,Drama,Fantasy
tt4030542	video	The Brother Load 6	The Brother Load 6	1	2014	\N	166	Adult
tt4048394	tvEpisode	Episode dated 30 September 2014	Episode dated 30 September 2014	0	2014	\N	\N	News,Talk-Show
tt4055808	tvEpisode	Episode #1.60	Episode #1.60	0	1998	\N	\N	Adventure,Comedy,Drama
tt4069764	short	Masquerade Costume	Masquerade Costume	0	1909	\N	\N	Comedy,Short
tt4109622	video	Anal Sweetness 2	Anal Sweetness 2	1	2014	\N	193	Adult
tt4123630	tvEpisode	Your Mother Should Know	Your Mother Should Know	0	2015	\N	43	Biography,Crime,Drama
tt4126558	tvEpisode	Episode #1.8	Episode #1.8	0	1965	\N	\N	Comedy,Music
tt4148292	tvEpisode	Die feindliche Vorhut	Die feindliche Vorhut	0	1969	\N	24	Comedy,Family
tt4180458	tvEpisode	Episode #1.6591	Episode #1.6591	0	1995	\N	\N	Drama,Mystery,Romance
tt4186852	tvEpisode	Episode #1.1	Episode #1.1	0	\N	\N	\N	Drama
tt4189670	tvEpisode	Episode #1.22	Episode #1.22	0	\N	\N	\N	\N
tt4212008	short	Black Mass	Black Mass	0	2016	\N	\N	Horror,Short
tt4217562	movie	Gingerbread	Gingerbread	0	\N	\N	\N	Drama
tt4238824	tvSeries	Three	Three	0	2014	\N	\N	Drama
tt4261244	tvEpisode	Fragments IV	Fragments IV	1	2007	\N	\N	Adult
tt4337208	tvEpisode	Jak jsem si zacal vázit svého syna, své dcery	Jak jsem si zacal vázit svého syna, své dcery	0	1986	\N	\N	Comedy
tt4349212	tvEpisode	Episode #1.102	Episode #1.102	0	\N	\N	\N	Family
tt4356882	tvEpisode	Episode #1.9	Episode #1.9	0	1992	\N	\N	Talk-Show
tt4359386	movie	Geisha no misao	Geisha no misao	0	1919	\N	\N	\N
tt4411492	tvEpisode	The Bicameral Congress	The Bicameral Congress	0	2015	\N	\N	Documentary
tt4433348	tvMovie	Tilly of Bloomsbury	Tilly of Bloomsbury	0	1948	\N	105	Comedy,Drama
tt4434952	tvEpisode	Episode dated 27 January 2011	Episode dated 27 January 2011	0	2011	\N	\N	Talk-Show
tt4563646	tvEpisode	Holmgången del 1	Holmgången del 1	0	2010	\N	\N	Game-Show
tt4603780	tvEpisode	Frisco Rumble	Frisco Rumble	0	1998	\N	\N	Adventure,Animation,Comedy
tt4614800	short	Mirrorlapse	Mirrorlapse	0	2014	\N	2	Short
tt4619270	tvEpisode	Elephant Safari	Elephant Safari	0	1996	\N	\N	Documentary
tt4625304	tvEpisode	Curious George Goes for 100/Fearless George	Curious George Goes for 100/Fearless George	0	2014	\N	24	Adventure,Animation,Comedy
tt4636508	tvEpisode	Episode #1.119	Episode #1.119	0	2015	\N	\N	Talk-Show
tt4644832	short	Take a Stand	Take a Stand	0	2014	\N	5	Drama,Short
tt4723244	tvEpisode	2015: Day 14 Highlights	2015: Day 14 Highlights	0	2015	\N	49	Sport
tt4741750	tvEpisode	Matlock Bath Pavilion	Matlock Bath Pavilion	0	2007	\N	44	Horror,Reality-TV
tt4754564	tvEpisode	Episode #1.7478	Episode #1.7478	0	2016	\N	\N	Drama,Romance
tt4794550	short	Help	Help	0	2015	\N	5	Horror,Sci-Fi,Short
tt4877456	short	The Lepers	The Lepers	0	2014	\N	\N	Drama,Short
tt4910136	tvEpisode	Last Night Stand	Last Night Stand	0	2015	\N	43	Crime,Documentary
tt4951486	tvEpisode	Episode #3.16	Episode #3.16	0	\N	\N	\N	\N
tt4970154	tvEpisode	Lena nähert sich Maximilian an	Lena nähert sich Maximilian an	0	2009	\N	\N	Drama,Romance
tt4985980	tvEpisode	Kramer's Gourmet Chicken Wings Make the NFL Special	Kramer's Gourmet Chicken Wings Make the NFL Special	0	2011	\N	\N	Talk-Show
tt5010664	tvSeries	Yong Pal	Yong Pal	0	2015	2015	60	Drama,Romance
tt5055508	tvEpisode	Episode #1.8937	Episode #1.8937	0	\N	\N	\N	Drama,Romance
tt5057678	tvEpisode	Episode #1.400	Episode #1.400	0	2006	\N	\N	Drama,Romance
tt5076138	tvEpisode	Frases inocentes que hacen explotar a tu novia	Frases inocentes que hacen explotar a tu novia	0	2015	\N	4	Comedy
tt5106560	short	It Is What It Is	It Is What It Is	0	2016	\N	34	Drama,Short
tt5209386	tvMiniSeries	Peace 'n' Pop	Peace 'n' Pop	0	2015	\N	\N	Documentary
tt5210112	tvEpisode	Heathen	Heathen	0	2015	\N	\N	Comedy,Drama,Fantasy
tt5229676	tvEpisode	Episode dated 20 May 2003	Episode dated 20 May 2003	0	2003	\N	\N	Family,Game-Show
tt5282872	tvEpisode	Episode #2.10	Episode #2.10	0	2001	\N	\N	Drama
tt5298538	tvEpisode	Episode #1.14	Episode #1.14	0	2013	\N	\N	Comedy
tt5299604	tvEpisode	Episode #1.5	Episode #1.5	0	2016	\N	46	Drama
tt5305666	tvEpisode	Episode dated 17 December 1960	Episode dated 17 December 1960	0	1960	\N	\N	Comedy,Family
tt5322690	tvEpisode	Episode #1.1095	Episode #1.1095	0	1976	\N	\N	Comedy,Crime,Drama
tt5362642	video	Changing Ties	Changing Ties	0	1995	\N	62	Adventure
tt5397068	tvEpisode	The Wasteland Survival Guide	The Wasteland Survival Guide	0	2015	\N	\N	Comedy
tt5429968	short	Truth Be Told	Truth Be Told	0	2016	\N	\N	Comedy,Short
tt5446652	tvEpisode	Die Lüge	Die Lüge	0	2016	\N	\N	Comedy,Crime
tt5454496	tvEpisode	Wildlife World Zoo	Wildlife World Zoo	0	2015	\N	\N	Adventure,Documentary,Family
tt5463466	tvEpisode	Rewrite Column Four	Rewrite Column Four	0	1970	\N	\N	Drama
tt5541820	tvEpisode	Poka Mizeria	Poka Mizeria	0	2016	\N	\N	Comedy
tt5546606	short	Sheepshead	Sheepshead	0	2017	\N	\N	Comedy,Short
tt5562796	tvEpisode	Episode #1.63	Episode #1.63	0	2014	\N	\N	Drama
tt5620124	movie	The Cypress Deep Down	The Cypress Deep Down	0	2015	\N	75	Drama
tt5622800	video	ATK Pregnant Amateurs 13	ATK Pregnant Amateurs 13	1	2016	\N	\N	Adult
tt5642070	tvEpisode	Episode #1.4	Episode #1.4	0	2009	\N	\N	Crime,Drama,Mystery
tt5679906	tvSeries	Art Ford's Greenwich Village Party	Art Ford's Greenwich Village Party	0	1957	1958	30	Music
tt5689320	tvEpisode	Aaron & Amanda	Aaron & Amanda	0	2015	\N	\N	Talk-Show
tt5703468	tvEpisode	Episode #6.28	Episode #6.28	0	1995	\N	\N	Game-Show
tt5739762	tvEpisode	Episode dated 16 October 2012	Episode dated 16 October 2012	0	2012	\N	\N	News
tt5783256	tvEpisode	Episode dated 22 December 2007	Episode dated 22 December 2007	0	2007	\N	\N	Talk-Show
tt5813386	tvEpisode	Episode #1.10	Episode #1.10	0	1960	\N	\N	Music,Talk-Show
tt5833968	short	Thirty Five	Thirty Five	0	2016	\N	\N	Drama,Short
tt5871702	tvEpisode	Catalina Suffers Torture	Catalina Suffers Torture	0	2016	\N	44	Action,Crime,Drama
tt0000289	short	Coucher d'une Parisienne	Coucher d'une Parisienne	0	1900	\N	\N	Short
tt0001674	short	His Last Burglary	His Last Burglary	0	1911	\N	15	Crime,Drama,Short
tt0005850	movie	The Outcast	The Outcast	0	1915	\N	\N	Drama
tt0036663	movie	Boss of Boomtown	Boss of Boomtown	0	1944	\N	58	Action,Adventure,Comedy
tt0037902	movie	Marshal of Laredo	Marshal of Laredo	0	1945	\N	56	Western
tt0058384	movie	Muscle Beach Party	Muscle Beach Party	0	1964	\N	95	Comedy,Musical
tt0081269	movie	Oh Heavenly Dog	Oh Heavenly Dog	0	1980	\N	103	Comedy,Crime,Fantasy
tt0081662	movie	Zigeunerweisen	Tsigoineruwaizen	0	1980	\N	144	Horror,Mystery
tt0086884	movie	The Ambassador	The Ambassador	0	1984	\N	97	Action,Drama,Thriller
tt0103839	movie	Blood on the Badge	Blood on the Badge	0	1992	\N	97	Action,Thriller
tt0127659	movie	Litoral	Litoral	0	1936	\N	\N	Documentary
tt0150515	short	Farmer Al Falfa's Ape Girl	Farmer Al Falfa's Ape Girl	0	1932	\N	6	Animation,Comedy,Short
tt0170138	tvMovie	The Land of Oz	The Land of Oz	0	2000	\N	\N	Adventure,Drama,Fantasy
tt0173027	movie	Poteryannaya fotografiya	Poteryannaya fotografiya	0	1959	\N	\N	Drama
tt0175425	movie	Abraham et les petits métiers	Abraham et les petits métiers	0	1997	\N	\N	Documentary
tt0184394	movie	The Devil's Messenger	Gui shi shen cha	0	1972	\N	\N	\N
tt0185516	movie	El muerto es un vivo	El muerto es un vivo	0	1953	\N	69	Comedy
tt0209726	tvSeries	Paixão de Outono	Paixão de Outono	0	1965	\N	\N	\N
tt0225190	short	Blades and Brass	Blades and Brass	0	1967	\N	10	Documentary,Short
tt0228673	tvMovie	Once Upon a Starry Night	Once Upon a Starry Night	0	1978	\N	78	Adventure,Drama
tt0240712	movie	Ein Mann für meine Frau	Ein Mann für meine Frau	0	1943	\N	94	\N
tt0242289	movie	Behind the Clouds	Atrás de las nubes	0	1962	\N	95	Drama,Romance,War
tt0242879	movie	Shart	Shart	0	1954	\N	\N	Drama,Family
tt0246098	movie	Mysore Mallige	Mysore Mallige	0	1991	\N	\N	Drama
tt0248122	video	Judy Tenuta: Un-Butt Plugged in Tex-Ass!	Judy Tenuta: Un-Butt Plugged in Tex-Ass!	1	1999	\N	60	Adult,Comedy
tt0254090	tvMovie	Andrea Chénier	Andrea Chénier	0	1985	\N	116	Drama,Music
tt0273389	tvSeries	Sola	Sola	0	1983	\N	\N	Drama,Romance
tt0280177	movie	Las vengadoras enmascaradas	Las vengadoras enmascaradas	0	1963	\N	87	Action,Adventure,Drama
tt0282631	video	Jawbreaker	Jawbreaker	1	1995	\N	108	Action,Adult,Crime
tt0289312	video	ManPower Australia	ManPower Australia	0	1992	\N	\N	\N
tt0294727	tvMovie	Miranda	Miranda	0	1949	\N	100	Comedy,Drama
tt0295269	videoGame	Friday the 13th	Friday the 13th	0	1989	\N	\N	Adventure,Fantasy,Horror
tt0306096	movie	Stranded 2: Dying Breath	Stranded 2: Dying Breath	0	2002	\N	60	\N
tt0311036	tvEpisode	Le drame de Sainte-Hélène	Le drame de Sainte-Hélène	0	1961	\N	\N	History
tt0314740	short	Sunagimo	Sunagimo	0	2000	\N	2	Animation,Short
tt0321542	movie	Budte gotovy, vashe vysochestvo	Budte gotovy, vashe vysochestvo	0	1978	\N	72	\N
tt0327726	movie	El fin del tahur	El fin del tahur	0	1979	\N	85	Drama,Romance
tt0330659	short	Mr. Poorluck Repairs His House	Mr. Poorluck Repairs His House	0	1913	\N	\N	Comedy,Short
tt0345726	movie	Nympha	Nympha	0	1971	\N	\N	\N
tt0361467	movie	Confessions of a Teenage Drama Queen	Confessions of a Teenage Drama Queen	0	2004	\N	89	Comedy,Family,Music
tt0368968	videoGame	Dynasty Warriors 3: Xtreme Legends	Shin sangoku musô 2 mushôden	0	2002	\N	\N	Action,Adventure,Fantasy
tt0388141	tvMovie	Jack	Jack	0	2004	\N	104	Drama
tt0389515	movie	Voodoo	Voodoo	0	1993	\N	75	Documentary
tt0393225	tvMovie	Dora	Dora	0	1997	\N	\N	Music
tt0398693	video	The Anti-Hero's Journey	The Anti-Hero's Journey	0	2004	\N	18	Documentary,Short
tt0400715	video	On Nature's Trail Series: Trees for Life	On Nature's Trail Series: Trees for Life	0	1995	\N	23	Family,Short
tt0407489	short	27	27	0	1996	\N	4	Short
tt0418119	tvMovie	Meutre avec préméditation: Récidive	Meutre avec préméditation: Récidive	0	1993	\N	90	\N
tt0419287	tvMovie	Zwei Männer und ein Baby	Zwei Männer und ein Baby	0	2004	\N	90	Comedy
tt0446511	tvSeries	Night Shift	Yövuoro	0	2005	\N	144	Crime,Drama,Thriller
tt0448181	short	Words of Action	Words of Action	0	2005	\N	8	Short
tt0467294	short	Tony and Marie	Tony and Marie	0	1915	\N	\N	Drama,Short
tt0482687	movie	Baalam	Baalam	0	1968	\N	\N	\N
tt0488962	movie	Big Bad Wolf	Big Bad Wolf	0	2006	\N	95	Action,Comedy,Fantasy
tt0512574	tvEpisode	The Darlings Are Coming	The Darlings Are Coming	0	1963	\N	30	Comedy,Family
tt0527216	tvEpisode	Only When I Laugh	Only When I Laugh	0	1992	\N	21	Comedy,Drama,Family
tt0541219	tvEpisode	Jun yo	Jun yo	0	1984	\N	\N	Action,Adventure,Fantasy
tt0542791	tvEpisode	Episode #7.7	Episode #7.7	0	1993	\N	\N	Talk-Show
tt0543850	tvEpisode	Craig Crawford	Craig Crawford	0	2005	\N	\N	Comedy,News,Talk-Show
tt0545619	tvEpisode	Brownley Versus Pagett	Brownley Versus Pagett	0	1962	\N	\N	Drama
tt0547198	tvEpisode	The Greatest Gift	The Greatest Gift	0	1998	\N	22	Comedy
tt0547992	tvEpisode	Episode #29.59	Episode #29.59	0	1995	\N	30	Game-Show
tt0567797	tvEpisode	Five Pillars	Five Pillars	0	2006	\N	\N	Action,Drama,Thriller
tt0570908	tvEpisode	Episode #1.2470	Episode #1.2470	0	1999	\N	\N	Drama,Romance
tt0572577	tvEpisode	Reign of Terror	Reign of Terror	0	1985	\N	48	Action,Crime,Drama
tt0578385	tvEpisode	The Mafia Priest Mystery: Part 2	The Mafia Priest Mystery: Part 2	0	1989	\N	48	Comedy,Crime,Mystery
tt0583522	tvEpisode	The One with Joey's Award	The One with Joey's Award	0	2001	\N	22	Comedy,Romance
tt0589777	tvEpisode	Love, Rose	Love, Rose	0	1986	\N	30	Comedy,Drama
tt0595482	tvEpisode	Strandläufer	Strandläufer	0	2004	\N	\N	Family
tt0604615	tvEpisode	Honey, You're So Transparent	Honey, You're So Transparent	0	1998	\N	42	Action,Adventure,Comedy
tt0623573	tvEpisode	Episode dated 17 April 2004	Episode dated 17 April 2004	0	2004	\N	\N	Game-Show
tt0645035	tvEpisode	Lover Come Back	Lover Come Back	0	2002	\N	43	Drama,Romance,Western
tt0654316	tvEpisode	Double Vision	Double Vision	0	2002	\N	42	Action,Adventure,Drama
tt0693690	tvEpisode	Episode dated 24 July 2004	Episode dated 24 July 2004	0	2004	\N	\N	Talk-Show
tt0695387	tvEpisode	Episode dated 7 February 2005	Episode dated 7 February 2005	0	2005	\N	\N	Talk-Show
tt0714898	tvEpisode	Episode #1.26	Episode #1.26	0	1988	\N	\N	Drama,Family,Romance
tt0722537	tvEpisode	Episode dated 2 March 2005	Episode dated 2 March 2005	0	2005	\N	\N	Talk-Show
tt0735280	tvEpisode	The Silence	The Silence	0	1979	\N	24	Comedy
tt0741791	tvEpisode	Sylvie Vartan 1	Sylvie Vartan 1	0	1998	\N	\N	Talk-Show
tt0743967	tvEpisode	Surprise Witness	Surprise Witness	0	1960	\N	25	Western
tt0744079	tvEpisode	Siege	Siege	0	1956	\N	60	Drama
tt0749626	tvEpisode	The Governor	The Governor	0	1978	\N	\N	Drama
tt0768079	tvEpisode	Nerds of a Feather	Nerds of a Feather	0	2005	\N	\N	Family,Sci-Fi
tt0771927	tvEpisode	Sterben und bestatten - Neue Rituale gegen die Angst	Sterben und bestatten - Neue Rituale gegen die Angst	0	2005	\N	\N	Documentary
tt0772187	movie	Notte prima degli esami	Notte prima degli esami	0	2006	\N	100	Comedy
tt0776799	short	Richard Is Beautiful	Richard Is Beautiful	0	2006	\N	\N	Drama,Short
tt0777182	tvMovie	Aces	Aces	0	2002	\N	60	Drama
tt0778577	tvSeries	Uma Família Normal	Uma Família Normal	0	2006	\N	30	Comedy
tt0784569	tvEpisode	Episode dated 29 March 2006	Episode dated 29 March 2006	0	2006	\N	\N	Talk-Show
tt0816650	short	Siguiente	Siguiente	0	1999	\N	6	Comedy,Short
tt0825841	tvEpisode	Muriel Meets Her Match/Courage vs. Mecha-Courage	Muriel Meets Her Match/Courage vs. Mecha-Courage	0	2002	\N	23	Adventure,Animation,Comedy
tt0842424	tvEpisode	Home School Daze	Home School Daze	0	2000	\N	\N	Animation,Comedy
tt0857700	tvEpisode	Episode #1.158	Episode #1.158	0	1967	\N	22	Drama,Fantasy,Horror
tt0874549	tvEpisode	Episode #1.2	Episode #1.2	0	1978	\N	25	Comedy,Drama,Family
tt0888237	tvEpisode	The Initiation	The Initiation	0	1967	\N	50	Drama
tt0891848	tvEpisode	Puppy Love	Puppy Love	0	2006	\N	\N	Comedy
tt0897027	tvEpisode	Episode #17.36	Episode #17.36	0	2006	\N	\N	Comedy,Reality-TV
tt0901782	tvEpisode	Episode dated 10 February 2004	Episode dated 10 February 2004	0	2004	\N	\N	Comedy,Drama,Family
tt0902719	tvEpisode	The Blackout	The Blackout	0	2007	\N	23	Comedy,Romance
tt0903403	tvEpisode	Nordegg	Nordegg	0	2002	\N	\N	Documentary
tt0908653	tvEpisode	Obsession with Orchids	Obsession with Orchids	0	2000	\N	\N	Documentary,Family
tt0918501	tvSpecial	Cannonball 8000: Destination Budapest	Cannonball 8000: Destination Budapest	0	2006	\N	77	Reality-TV,Sport
tt0937365	short	Long Haul	Long Haul	0	2007	\N	21	Documentary,Short
tt0946037	tvEpisode	Episode #1.94	Episode #1.94	0	2006	\N	\N	Drama,Romance
tt0950042	tvEpisode	Suddenly Susan	Suddenly Susan	0	2006	\N	\N	Animation,Comedy
tt10019456	tvEpisode	Episode #3.1	Episode #3.1	0	2016	\N	\N	Comedy,Talk-Show
tt10031576	tvEpisode	Episode #2.205	Episode #2.205	0	2013	\N	\N	Drama
tt10069844	tvEpisode	Episode #1.402	Episode #1.402	0	2014	\N	\N	Family
tt1008788	tvEpisode	Hibike! Sanctuary no Gold Cloth	Hibike! Sanctuary no Gold Cloth	0	1988	\N	25	Action,Adventure,Animation
tt10150114	tvEpisode	Episode #1.134	Episode #1.134	0	2019	\N	\N	Comedy,Crime
tt10200652	tvEpisode	Episode #1.892	Episode #1.892	0	\N	\N	\N	\N
tt10211458	tvEpisode	Episode #9.13	Episode #9.13	0	2019	\N	\N	Reality-TV
tt10218534	tvEpisode	The Cry Babies	The Cry Babies	0	2002	\N	\N	Comedy
tt10243982	tvEpisode	Corned Beef and Hash	Corned Beef and Hash	0	2017	\N	\N	Talk-Show
tt10251510	tvEpisode	Episode #2.17	Episode #2.17	0	1991	\N	\N	Family,Music
tt10263446	short	Anointed	Anointed	0	\N	\N	\N	Family,Short
tt1027672	short	Comrades	Comrades	0	1927	\N	\N	Drama,Short
tt10311842	tvEpisode	Episode #2.81	Episode #2.81	0	2010	\N	\N	Drama
tt10328554	tvEpisode	Episode dated 16 April 1975	Episode dated 16 April 1975	0	1975	\N	\N	\N
tt10336956	tvEpisode	Episode #7.30	Episode #7.30	0	2015	\N	\N	Adventure,Comedy,Family
tt10342506	tvEpisode	Week 10	Week 10	0	2015	\N	\N	Comedy,Game-Show,Music
tt10349316	tvEpisode	Urban Abundance	Urban Abundance	0	2019	\N	26	Talk-Show
tt10373280	tvEpisode	Episode #1.478	Episode #1.478	0	2015	\N	\N	\N
tt10385492	tvEpisode	Episode #1.56	Episode #1.56	0	2019	\N	46	Drama
tt10395148	tvEpisode	Episode #1.462	Episode #1.462	0	2005	\N	\N	Drama,Romance
tt10413068	tvEpisode	15th Match: South Africa v West Indies	15th Match: South Africa v West Indies	0	2019	\N	\N	Sport
tt1042768	tvEpisode	Episode dated 30 November 2006	Episode dated 30 November 2006	0	2006	\N	\N	Romance
tt10428142	video	Adidas - BR8	Adidas - BR8	0	2018	\N	\N	Short
tt10435172	tvEpisode	Episode #1.176	Episode #1.176	0	2001	\N	\N	\N
tt10436232	tvEpisode	Episode #1.5741	Episode #1.5741	0	1988	\N	\N	Drama,Romance
tt10452674	video	Cirque Du Soleil: Pan American Games - Making Of	Cirque Du Soleil: Pan American Games - Making Of	0	2015	\N	\N	Short
tt10465396	tvEpisode	Episode #1.67	Episode #1.67	0	1958	\N	\N	Drama
tt1046668	tvEpisode	Black Impact! The Instant That the Black Organization Reaches	Black Impact! The Instant That the Black Organization Reaches	0	2006	\N	\N	Animation,Comedy,Crime
tt10479522	tvEpisode	Episode #1.1324	Episode #1.1324	0	2019	\N	\N	Drama
tt10520762	tvEpisode	2019: Day 12	2019: Day 12	0	2019	\N	\N	Sport
tt1052282	tvEpisode	Episode dated 15 June 2007	Episode dated 15 June 2007	0	2007	\N	\N	Talk-Show
tt10585806	tvEpisode	Episode #1.104	Episode #1.104	0	1994	\N	\N	Game-Show
tt10608346	tvEpisode	Episode #1.10	Episode #1.10	0	2017	\N	\N	Drama
tt1061132	tvEpisode	Episode dated 29 June 2007	Episode dated 29 June 2007	0	2007	\N	\N	Crime,Drama,Romance
tt10628112	video	The 13th crop circle	The 13th crop circle	0	2019	\N	\N	Documentary,Short
tt10634676	tvEpisode	Sichuan Quanxing Langjiu vs Guangzhou Songri	Sichuan Quanxing Langjiu vs Guangzhou Songri	0	1999	\N	90	Sport
tt10634814	tvEpisode	Episode dated 27 June 2019	Episode dated 27 June 2019	0	2019	\N	\N	\N
tt10658706	tvEpisode	Episode #2.96	Episode #2.96	0	2006	\N	\N	Drama,Reality-TV,Romance
tt1067115	short	Send in the Clones	Send in the Clones	0	2007	\N	3	Crime,Drama,Mystery
tt10677918	tvEpisode	Episode #1.801	Episode #1.801	0	2011	\N	\N	Drama
tt10687390	tvMovie	D-Mark, Einheit, Vaterland: Das schwierige Erbe der Treuhand	D-Mark, Einheit, Vaterland: Das schwierige Erbe der Treuhand	0	2019	\N	\N	Documentary
tt1068929	tvSeries	Röyhkeä diplomaatti	Röyhkeä diplomaatti	0	2007	\N	30	Comedy
tt10698354	short	A Thing About Trust	A Thing About Trust	0	2019	\N	\N	Drama,Short
tt10733810	tvEpisode	Episode #1.241	Episode #1.241	0	2015	\N	\N	Romance
tt10736882	tvEpisode	Episode #1.22	Episode #1.22	0	2009	\N	\N	Drama
tt10805128	tvEpisode	Episode #1.78	Episode #1.78	0	2019	\N	\N	Drama
tt10808460	tvEpisode	Episode #1.518	Episode #1.518	0	2018	\N	\N	Family
tt10830230	tvEpisode	Episode #1.122	Episode #1.122	0	\N	\N	\N	Animation,Drama,Sport
tt10848248	short	Still Here	Still Here	0	2019	\N	\N	Romance,Short
tt10848900	tvEpisode	Episode #1.108	Episode #1.108	0	2018	\N	\N	Drama
tt10880528	tvEpisode	Radhanath Swami	Radhanath Swami	0	2019	\N	\N	Talk-Show
tt10894528	tvEpisode	Paghilom	Paghilom	0	2019	\N	\N	Drama
tt10913046	tvSeries	In The Spotlight	In The Spotlight	0	2019	\N	\N	Talk-Show
tt10914292	movie	Die Teufelsgeige	Die Teufelsgeige	0	1919	\N	\N	Drama
tt10915910	tvEpisode	Let's Talks About Sex	Let's Talks About Sex	0	2019	\N	\N	Documentary
tt1095761	tvEpisode	Deities and Demons	Deities and Demons	0	1998	\N	47	Documentary
tt10966774	tvEpisode	Episode #1.1435	Episode #1.1435	0	2006	\N	\N	Drama
tt10975654	tvEpisode	La competencia toma un giro inesperado	La competencia toma un giro inesperado	0	2019	\N	\N	Game-Show,Music
tt10980506	tvMiniSeries	Barcelona 1992 Olympic Games: 25 M Pistol 3030 Shots Women	Barcelona 1992 Olympic Games: 25 M Pistol 3030 Shots Women	0	1992	\N	\N	Reality-TV
tt11007744	tvEpisode	Episode #1.694	Episode #1.694	0	\N	\N	\N	Family
tt11049202	tvEpisode	Episode #1.18	Episode #1.18	0	1996	\N	\N	Drama,Romance
tt11049572	tvEpisode	Episode #1.59	Episode #1.59	0	\N	\N	\N	Drama
tt11059022	tvEpisode	Episode #1.3	Episode #1.3	0	\N	\N	\N	Drama
tt1106703	tvEpisode	A Necessary War: December 1941 - December 1942	A Necessary War: December 1941 - December 1942	0	2007	\N	143	Documentary,History,War
tt11089794	tvEpisode	Young Justice 3x17 REACTION!! "First Impression"	Young Justice 3x17 REACTION!! "First Impression"	0	2019	\N	21	Talk-Show
tt11130660	tvEpisode	Episode #1.239	Episode #1.239	0	2011	\N	\N	Drama
tt11148936	tvEpisode	Episode #1.383	Episode #1.383	0	2014	\N	\N	Romance
tt11180370	tvEpisode	Episode #1.137	Episode #1.137	0	2016	\N	\N	\N
tt11188738	tvEpisode	Episode #2.4	Episode #2.4	0	2020	\N	\N	Biography,Drama,Music
tt11202050	video	Riot & The Wolf	Riot & The Wolf	0	2019	\N	3	Action,Short
tt11234660	tvEpisode	Episode #1.288	Episode #1.288	0	\N	\N	\N	Drama
tt1126562	tvEpisode	All Bets Are Off	All Bets Are Off	0	2007	\N	48	Drama
tt11295758	video	Rod Stewart: Brighton Beach	Rod Stewart: Brighton Beach	0	2013	\N	4	Music,Short
tt1133205	tvEpisode	Supein e ikimasu	Supein e ikimasu	0	2007	\N	\N	Reality-TV
tt11338970	tvEpisode	Episode #3.64	Episode #3.64	0	\N	\N	\N	Romance
tt11340334	tvEpisode	Episode #1.1203	Episode #1.1203	0	\N	\N	\N	Romance
tt11345810	tvEpisode	Episode #1.1235	Episode #1.1235	0	\N	\N	\N	Romance
tt1135240	tvEpisode	Episode #1.1420	Episode #1.1420	0	1974	\N	\N	Drama,Romance
tt11356554	tvEpisode	Episode #1.42	Episode #1.42	0	2005	\N	\N	Adventure,Drama,Romance
tt11370778	tvEpisode	Episode #1.1360	Episode #1.1360	0	\N	\N	\N	Romance
tt1137513	tvEpisode	Jalousie	Jalousie	0	1995	\N	\N	Comedy
tt11421088	tvSeries	Maischberger Die Woche	Maischberger Die Woche	0	2019	\N	70	Talk-Show
tt11424282	tvEpisode	Episode #1.468	Episode #1.468	0	\N	\N	\N	Family
tt11431296	tvEpisode	Episode #1.8	Episode #1.8	0	\N	\N	\N	Family
tt11431634	tvEpisode	Episode dated 17 September 2014	Episode dated 17 September 2014	0	2014	\N	\N	\N
tt11440842	tvEpisode	Episode #1.2528	Episode #1.2528	0	2019	\N	\N	Drama
tt11441140	tvEpisode	Episode #1.553	Episode #1.553	0	\N	\N	\N	Comedy,Romance
tt11458076	video	Tiffany: I Think We're Alone Now (2019 Version)	Tiffany: I Think We're Alone Now (2019 Version)	0	2019	\N	5	Music,Short
tt1146027	tvEpisode	Episode #7.42	Episode #7.42	0	2007	\N	100	Reality-TV
tt11470408	tvEpisode	Yuriy Demich	Yuriy Demich	0	2005	\N	20	Biography,Documentary,Talk-Show
tt11474690	video	Xmas in Hertford	Xmas in Hertford	0	2019	\N	97	Sci-Fi
tt11479736	tvEpisode	Episode #1.93	Episode #1.93	0	2017	\N	\N	\N
tt11493954	tvEpisode	Episode #1.112	Episode #1.112	0	2016	\N	\N	Drama
tt1151843	short	The Carpathia	The Carpathia	0	1912	\N	\N	Documentary,Short
tt11535916	tvEpisode	30 December 2019: Evening Bulletin	30 December 2019: Evening Bulletin	0	2019	\N	15	News
tt11540366	tvEpisode	Episode dated 6 March 2018	Episode dated 6 March 2018	0	2018	\N	\N	\N
tt11550422	tvEpisode	Episode #1.403	Episode #1.403	0	\N	\N	\N	Thriller
tt11551756	tvEpisode	Reunion in Rio	Reunion in Rio	0	\N	\N	\N	Animation,Family,Sport
tt1155563	video	Tits Ahoy 5	Tits Ahoy 5	1	2007	\N	\N	Adult
tt11564760	tvEpisode	Aflevering 1470	Aflevering 1470	0	1998	\N	\N	Drama,Romance
tt11580968	tvEpisode	Episode #1.2	Episode #1.2	0	2019	\N	\N	\N
tt11603574	video	Ligabue: M'abituerò	Ligabue: M'abituerò	0	2012	\N	5	Music,Short
tt1161517	tvEpisode	Apartheid's Last Stand	Apartheid's Last Stand	0	1993	\N	\N	Documentary
tt1161941	tvEpisode	Disturbia/Year of the Dog/Hot Fuzz/Perfect Stranger/Aqua Teen Hunger Force Colon Movie Film for Theaters	Disturbia/Year of the Dog/Hot Fuzz/Perfect Stranger/Aqua Teen Hunger Force Colon Movie Film for Theaters	0	2007	\N	\N	Talk-Show
tt1162455	tvEpisode	Teurer Fund	Teurer Fund	0	2008	\N	42	Crime,Family
tt11653390	tvEpisode	Episode #1.44	Episode #1.44	0	\N	\N	\N	Comedy
tt1172068	movie	Out of Place: Memories of Edward Said	Out of Place: Memories of Edward Said	0	2006	\N	138	Documentary
tt1185184	tvEpisode	Episode #1.10	Episode #1.10	0	2003	\N	\N	Comedy
tt1209084	tvEpisode	2003	2003	0	2003	\N	\N	Comedy
tt1215475	tvEpisode	Die Gang	Die Gang	0	2007	\N	44	Crime
tt1231444	tvEpisode	Der Tod kommt zweimal	Der Tod kommt zweimal	0	2008	\N	\N	Crime,Drama
tt1242190	tvEpisode	Episode #1.4583	Episode #1.4583	0	2008	\N	28	Drama,Romance
tt1263467	tvEpisode	The Laut Family	The Laut Family	0	2008	\N	\N	Game-Show
tt1284563	tvEpisode	Schwester Martina	Schwester Martina	0	1974	\N	\N	Crime,Drama
tt1290065	short	A Girl and a Spy	A Girl and a Spy	0	1911	\N	\N	Drama,Short
tt1313487	tvEpisode	Episode #2.3	Episode #2.3	0	2008	\N	\N	Comedy,Talk-Show
tt1353743	tvEpisode	Episode #16.68	Episode #16.68	0	2008	\N	\N	Comedy,Music,Talk-Show
tt1370417	video	Teens in Tight Jeans 4	Teens in Tight Jeans 4	1	2008	\N	\N	Adult
tt1372442	tvEpisode	Broken Dreams	Broken Dreams	0	2002	\N	\N	Drama,Sport
tt1375330	tvEpisode	The Last Christmas	The Last Christmas	0	1997	\N	\N	Action,Animation,Comedy
tt1404668	short	Caligo	Caligo	0	2004	\N	9	Horror,Short
tt1416893	tvEpisode	La quinte juste	La quinte juste	0	2005	\N	3	Adventure,Comedy,Fantasy
tt1424728	short	What Happens to the Innocent?	What Happens to the Innocent?	0	2006	\N	15	Short
tt1447164	tvEpisode	Sigue enamorado	Sigue enamorado	0	2009	\N	\N	Drama,Romance
tt1455270	tvMovie	Healing Hands	Healing Hands	0	2010	\N	90	Family
tt1479774	video	Pulcinello	Pulcinello	0	2004	\N	5	Animation
tt1502181	tvEpisode	1288	1288	0	2009	\N	\N	Comedy,Drama,Romance
tt1506240	tvEpisode	Kyôen no makuake	Kyôen no makuake	0	2007	\N	24	Action,Animation,Drama
tt1515954	video	Tits Ahoy 9	Tits Ahoy 9	1	2009	\N	\N	Adult
tt1516084	tvMovie	Flitterwochen ohne Ehemann	Flitterwochen ohne Ehemann	0	1961	\N	86	\N
tt1516463	tvEpisode	Episode #16.98	Episode #16.98	0	1988	\N	\N	Family,Game-Show,Reality-TV
tt1539558	tvEpisode	Episode #2.17	Episode #2.17	0	2008	\N	\N	\N
tt1545454	tvSeries	Short Stories of D H Lawrence	Short Stories of D H Lawrence	0	1966	\N	60	Drama
